10001-1001480725-S	wolf@affby.de
10000-1188940517-S	weinheim@kformen.com
10001-1001475180-S	m.klaus@gantze.de
10001-1001175122-S	jobs@sus-bretten.de
10001-1000535148-S	Christina.Thater@blanc-fischer.com
10000-1199733996-S	info@heimberger.de
10000-1199426590-S	info@likamed.de
10000-1199426652-S	info@likamed.de
10001-1000524956-S	hbh-kinderhaus@b-lv.de
10001-1001324010-S	personal@fink-vallon.de
10001-1001324016-S	personal@fink-vallon.de
10001-1001275489-S	yannicknowitzki@web.de
10000-1202139821-S	r.weniger@baeckerei-gerweck.eu
10000-1201595907-S	katja.mueller@diakoniestation-bretten.de
10001-1000693884-S	bewerbung@lebenshilfe-bruchsal.de,oliver.portugall@lebenshilfe-bruchsal.de
17797-4064_JB4552437-S	Lisa-Marie.Gontz@woolworth.de
12857-9551914-S	DBJobService@deutschebahn.com
10000-1199950225-S	immobilien@kaufland.de
10001-1001122234-S	mail@karcher-design.de
10001-1001315109-S	mail@karcher-design.de
14421-00076d13fd2001-S	bewerbung@edeka-suedwest.de,info@yaez.com
14421-00076d140a4001-S	bewerbung@edeka-suedwest.de,info@yaez.com
10000-1200195197-S	info@scherbauer.de
10001-1000772690-S	jobs@dpv-elektronik.de
10000-1199596415-S	petra.pretsch@gmx.de
10001-1001290022-S	info@werner-lobbach.de
10000-1199440026-S	careers@mall-herlan.com
10001-1001364607-S	c.buehler@buehlergruppe.de
10000-1201246332-S	praxisteamemmerich@t-online.de
10000-1201961431-S	ursula.fowler@kmmatch.com
14421-00076d141f4001-S	bewerbung@edeka-suedwest.de,info@yaez.com
10001-1001364642-S	c.buehler@buehlergruppe.de
12857-9726330-S	kontakt@lidl.com
10001-1001315087-S	mail@karcher-design.de
10000-1200308146-S	peter.sutter@wuestenrot.de
10001-1001315083-S	mail@karcher-design.de
10001-1000986389-S	Bewerbung@pneu.com
10000-1200848385-S	ausbildung@grob-antriebstechnik.de
10000-1200523336-S	Ausbildung@gebhardt-group.com
10000-1200308158-S	peter.sutter@wuestenrot.de
17426-0056014967-S	sabrina.weber2@grn.de
17426-0056014652-S	sabrina.weber2@grn.de
12857-9726095-S	kontakt@lidl.com
10000-1201392635-S	info@caritas-altenheim-suenching.de
10000-1200706252-S	support@takko.de
10000-1200171767-S	immobilien@kaufland.de
10001-1001307421-S	info@restaurierungen-eis.de
10000-1199950031-S	immobilien@kaufland.de
10001-1000931979-S	kontakt@konditorei-hahn.de
16818-100705354-S	recruiting.ch@bechtle.com
16818-100706553-S	galen@galen.de
10000-1200390932-S	info@wuerth.com
12857-9725980-S	kontakt@lidl.com
12857-9528340-S	V.Rippl@norma-online.de
10000-1198859328-S	bewerbung@obersulm.de
10001-1001275059-S	carrer@we-online.com
14421-0003c903965001-S	bewerbung@edeka-suedwest.de,info@yaez.com
10000-1198875945-S	bewerbung@hirschmannlab.de,info@hirschmannlab.de
10000-1199321792-S	verwaltung@rappenhof.de
10000-1200638213-S	info@ifa-mre.de
10000-1198930669-S	info@soehner.de
13647-2026305852-S	personal@metallwarenfabrik.com
10000-1200308139-S	peter.sutter@wuestenrot.de
10001-1001359359-S	personalrecruting@mk-n.com
10001-1000826267-S	bewerbungen@pitstop.de
10001-1001323240-S	acgrosse@rimc.de,direktion@hotel-rosengarten.net,info@hotelnetsolutions.de,rosengarten@t-online.de
10001-1001323146-S	acgrosse@rimc.de,direktion@hotel-rosengarten.net,info@hotelnetsolutions.de,rosengarten@t-online.de
10000-1199958665-S	immobilien@kaufland.de
10000-1199911815-S	immobilien@kaufland.de
10001-1001390564-S	bewerbung@sbe.de
10001-1001448000-S	bewerbung@sbe.de
14456-k11173.18331-S	j_englert@heinrich-schmid.de
10000-1200371363-S	m.braeunling@metzgerei-braeunling.de
10001-1001010188-S	praxis@dr-thomae.de
10001-1000820328-S	jobs@stegmueller.de
10000-1198799091-S	s.hauff@holz-hauff.de
10000-1200855259-S	info@wo-der-hahn-kraeht.de
10000-1200245165-S	immobilien@kaufland.de
10001-1000622936-S	content.link.info@fuggerbank.de,content.link.info@ihk-akademie-muenchen.de,content.link.info@nuernberger-automobil.de,content.link.info@nuernberger-evox.de,content.link.info@nuernberger.de,content.link.poststelle@bafin.de
10000-1200329822-S	recruiting@plazahotels.de
10000-1199398914-S	info@efs-handling.de
13657-37594bf2_JB4597790-S	quality-management@obi.de
10001-1001341308-S	bewerbung@feurer.com
10001-1000491712-S	bewerbung@feurer.com
10001-1000491296-S	bewerbung@feurer.com
10001-1000963420-S	annbsppersonal@lauffen-a-n.denbspoder,Trefz-GraviliJ@lauffen-a-n.de
14421-00076d14bed001-S	bewerbung@edeka-suedwest.de,info@yaez.com
10000-1183939958-S	direktion@das-wildeck.de
10000-1202464210-S	info@wg-heilbronn.de
16818-100704985-S	recruiting.ch@bechtle.com
10001-1000313766-S	info@dometic-waeco.de
12857-9726185-S	kontakt@lidl.com
10000-1199718163-S	info@ruedinger.de
14421-00076d14c89001-S	bewerbung@edeka-suedwest.de,info@yaez.com
10001-1000981271-S	lisa.unger@bwvertrieb.de
10000-1199612401-S	Info@Thiele-Hydraulik.de
10000-1199264005-S	bewerbung@rose-bitzfeld.de
10000-1199348856-S	bewerbung@rose-bitzfeld.de
10000-1199264024-S	bewerbung@rose-bitzfeld.de
12384-13250070-S	Mainz@actief-personal.de
10000-1193480134-S	info@landgasthof-roger.de
10000-1200262197-S	pdl-eberstadt@hauszumfels.de
10000-1199499473-S	info@geist-bedachungen.de
10000-1200706241-S	support@takko.de
10001-1001423302-S	Michael.Schmid@krones.com
10001-1001423321-S	Michael.Schmid@krones.com
10000-1200708590-S	info@elektro-selak.de
10000-1200171694-S	immobilien@kaufland.de
10000-1201565443-S	deine.chance@hista.de
13828-bd8c916bb6614f6-S	bewerbung@autohaus-tabor.de
10001-1001323202-S	acgrosse@rimc.de,direktion@hotel-rosengarten.net,info@hotelnetsolutions.de,rosengarten@t-online.de
10000-1200131890-S	neutraubling@schirmbeck.com,m.schirmbeck@schirmbeck.com
12336-a25f1152j0415113-S	info@aubi-plus.de
10000-1200248036-S	ausbildung@dehner.de,karriere@dehner.de
12265-346951_JB4779335-S	heilbronn@ferchau.com
10001-1001226830-S	personal@kls-system.de
10000-1199668858-S	bewerbung@haesele.de
14340-388615366-S	lejhubausbildung@dhl.com,katrin.tremel@dpdhl.com
10000-1200706487-S	support@takko.de
10001-1000477659-S	jobs@baywa.com
14421-00076d1421b001-S	bewerbung@edeka-suedwest.de,info@yaez.com
14421-00076d1622d001-S	bewerbung@edeka-suedwest.de,info@yaez.com
14421-00076d1421e001-S	bewerbung@edeka-suedwest.de,info@yaez.com
14421-00076d14227001-S	bewerbung@edeka-suedwest.de,info@yaez.com
10001-1000328227-S	gb-bewerbung@schweiker.de
10000-1200169576-S	e.eckert@ev-heimstiftung.de
10000-1199212414-S	e.eckert@ev-heimstiftung.de
10000-1200140575-S	kontakt@mohn-besigheim.de
10001-1000674834-S	info@suevia.com
14421-00076d14683001-S	bewerbung@edeka-suedwest.de,info@yaez.com
10001-1001359126-S	svjetlana.tadic@hecht.ag
10001-1000251857-S	info@schloss-doettingen.de
10000-1200433807-S	Lisamarie.feiler@Staiger.de
10000-1200275400-S	jobs@jako.com
10000-1200056321-S	jobs@ruv.de
10000-1200308133-S	peter.sutter@wuestenrot.de
12857-9764035-S	kontakt@lidl.com
10000-1198873819-S	info@metzger-spedition.deUmsatzsteuer
10000-1198342217-S	bewerbung@kircher-transporte.de
10000-1201717316-S	karriere@optima-packaging.com
14421-00076d14218001-S	bewerbung@edeka-suedwest.de,info@yaez.com
10000-1202437968-S	e.eckert@ev-heimstiftung.de
14421-00076d16242001-S	bewerbung@edeka-suedwest.de,info@yaez.com
14421-00076d16227001-S	bewerbung@edeka-suedwest.de,info@yaez.com
10001-1000495315-S	jobs@baywa.com
10000-1200855256-S	info@wo-der-hahn-kraeht.de
10000-1198633023-S	karriere@optima-packaging.com
10000-1198748429-S	info@michl.com
10000-1200275241-S	jobs@jako.com
14421-00076d16239001-S	bewerbung@edeka-suedwest.de,info@yaez.com
12857-9528330-S	V.Rippl@norma-online.de
10001-1001267682-S	tuana.zambak@okzam.de
10000-1200888255-S	info@wedel-pflege.de
10000-1198477316-S	julia.froehlich@binderholz.com,karriere.oberrot@binderholz.com
10001-1000711041-S	info@scholz-recycling.de
10001-1001399284-S	andrea.strack@haus-margarete.care
10000-1199646407-S	julia.froehlich@binderholz.com,karriere.oberrot@binderholz.com
10000-1201571259-S	bewerbung@v-markt.de,info@georgjoskaes.de
10000-1201571257-S	bewerbung@v-markt.de,info@georgjoskaes.de
12857-9529857-S	V.Rippl@norma-online.de
10000-1199266080-S	futuretech@de.kaercher.com,youngstars@karcher.com
10000-1199265922-S	futuretech@de.kaercher.com,youngstars@karcher.com
14421-00076d1499e001-S	bewerbung@edeka-suedwest.de,info@yaez.com
10000-1199726515-S	info@praxis-abbach.de
10000-1201374267-S	wirt@hubertushoehe.com
10000-1201483732-S	bewerbung@medbo.de
18019-154099-S	behoerdenanfragen@mediamarktsaturn.de,kontakt@mediamarkt.de
10000-1200489726-S	info@holzofenbeckmueller.de
10000-1199689058-S	mail@baeckerei-schirle.de
10000-1199901020-S	bewerbung@medbo.de
10000-1198027566-S	karriere@kwautomotive.de
10000-1200712015-S	info@zahntraeumerei.de
10000-1199646456-S	julia.froehlich@binderholz.com,karriere.oberrot@binderholz.com
10000-1198342005-S	bewerbung@kircher-transporte.de
10000-1198881180-S	karriere@innos.systems
10000-1202088367-S	info@ziehl-abegg.de
10000-1200706909-S	support@takko.de
10000-1200143496-S	info@mulfinger.de
10000-1199770104-S	jobs@geiger-notes.ag
12857-9727717-S	kontakt@lidl.com
10000-1201910315-S	verkauf@avs-sha.de
10000-1199836220-S	info@zahnarzt-andorn.de
10000-1200057256-S	info@schloss-doettingen.de
10000-1198701763-S	info@krone-eschental.de
17717-2eb3c007c2ab4ec-S	personal@modepark.de
10000-1200798520-S	info@landhotel-beck.de
10000-1202089434-S	info@ziehl-abegg.de
10000-1199860387-S	bewerbung@eggs-elektroanlagen.de,info@eggs-elektroanlagen.de
10000-1200328002-S	edgar.schneider@iplon.de
10000-1199638607-S	info@kfo-crailsheim.de
10000-1202424013-S	bewerbung@radiomatic.com
10000-1202423870-S	bewerbung@radiomatic.com
10000-1202235550-S	dekontakt.im@pg.com
10000-1202287046-S	bewerbung@hofmann-blech.de
10000-1198886214-S	bewerbung@hofmann-blech.de
10000-1199593066-S	c.waldmann@lbv-schrozberg.de
10001-1000577654-S	bewerbung@mawell-resort.de
10001-1000577856-S	bewerbung@mawell-resort.de
10000-1202088100-S	info@ziehl-abegg.de
10000-1200615807-S	ausbildung@leonhard-weiss.com
10000-1199319922-S	service@baustatik-keitel.de
10000-1200975206-S	r.schulz@schulz-buerotechnik.de
10000-1200127040-S	alexander.kolowos@geis-group.de
10000-1200127001-S	alexander.kolowos@geis-group.de
10000-1199441907-S	u003eapp-support@knauf.com
10000-1200256930-S	d.vogel@ev-heimstiftung.de
10000-1200255813-S	d.vogel@ev-heimstiftung.de
10000-1190468140-S	info@landhotel-kirchberg.de
10000-1199219007-S	bbi@weckelweiler-gemeinschaften.de,bbi@weckelweiler.de,e.wagner@weckelweiler-gemeinschaften.de
10001-1001270203-S	carrer@we-online.com
10001-1000241359-S	claudia.herzfeld@all-jobs.de
10000-1199518595-S	info@roessle-rechenberg.de
10000-1199518659-S	info@roessle-rechenberg.de
15112-42906693-1015-S	info@dachser.com
10000-1200308138-S	peter.sutter@wuestenrot.de
10000-1200023522-S	sandro.sicker@firma-anders.de
12857-9927165-S	info@aubi-plus.de
10001-1001239868-S	mail@karcher-design.de
15112-43133224-128-S	info@dachser.com
10000-1200250842-S	ausbildung@dehner.de,karriere@dehner.de
11973-c-581326-S	info.don@bierschneider.de
10000-1199100271-S	info@stark-deutschland.de
12811-1692481-S	carrer@we-online.com
10000-1199737365-S	yvonne.muenter@hohenloher-hoerakustik.de
10000-1201567163-S	deine.chance@hista.de
10000-1200132196-S	daniel.baumgartner@wm.de
12857-9926931-S	kontakt@lidl.com
12857-9877549-S	kontakt@lidl.com
10000-1201973479-S	ausbildung@r-stahl.com,ausbildung@r-stahl.de
10001-1001275274-S	carrer@we-online.com
12811-1692477-S	carrer@we-online.com
10000-1198382468-S	carrer@we-online.com
10000-1202088464-S	info@ziehl-abegg.de
16818-100707825-S	info@ziehl-abegg.de
16818-100706892-S	info@metatec-schueler.de
16818-100704675-S	info@metatec-schueler.de
16818-100705215-S	info@metatec-schueler.de
16818-100705909-S	info@metatec-schueler.de
10001-1001313924-S	olaf.pruckner@hermersberg.com
10000-1199663500-S	post@orkan-system.de
10001-1001153541-S	post@orkan-system.de
10001-1001153432-S	post@orkan-system.de
10000-1200308101-S	peter.sutter@wuestenrot.de
10000-1200240076-S	recruiting@nkd.de
10001-1000825684-S	f.friedrich@hk.systems,karriere@hk.systems
10001-1001008660-S	bewerbung@deutsche-technoplast.com,stephan.kruger@deutsche-technoplast.com
10001-1000406288-S	bewerbung@deutsche-technoplast.com,stephan.kruger@deutsche-technoplast.com
10001-1000806900-S	eirich@eirich.de,karriere@eirich.de
10000-1200080647-S	kontakt@dietz-thorwart.de
11973-c-924608-S	info@guenther-dasautohaus.de
10000-1198946592-S	info@maler-hack.de
10000-1198946215-S	info@maler-hack.de
13006-48094_42945-1-S	ausbildung@fielmann.com
10000-1200308090-S	peter.sutter@wuestenrot.de
10001-1001315078-S	mail@karcher-design.de
10001-1001239894-S	mail@karcher-design.de
10000-1196377107-S	j.kolb@zahnaerzte-kolb.de
10000-1200009086-S	baeckerei-linus-schmitt@t-online.de
10001-1001122283-S	mail@karcher-design.de
10000-1200629379-S	ausbildung@guggenberger-bau.de
10001-1001093244-S	mail@karcher-design.de
10000-1200622394-S	ausbildung@guggenberger-bau.de
16088-2912746_3630589-S	erik.popp@dpd.de
10000-1199967569-S	adriana.weber@niemann-bau.de
16260-2024ncqpuxki-000-S	info@fsp-buchen.de,KIGA-GF@VST-tbb.de,Mail@epe-mgh.de,tauberbischofsheim@euroakademie.de
10000-1200171656-S	immobilien@kaufland.de
10001-1000500654-S	Pflegestift.Loebau@udfm.de
10001-1000525063-S	ausbildung@bhs-world.com
10000-1200873092-S	kontakt@bergler.de
10000-1200873020-S	kontakt@bergler.de
10000-1200872849-S	kontakt@bergler.de
10000-1199401432-S	kontakt@bergler.de
10000-1199402455-S	kontakt@bergler.de
10000-1199402885-S	kontakt@bergler.de
10000-1202094112-S	bewerbung-suf@reichenbach-fils.de
10000-1199474803-S	ausbildung@brunnerbaecker.de,info@baeckereibrunner.de
14421-00076d15349001-S	bewerbung@edeka-suedwest.de,info@yaez.com
14421-00076d15301001-S	bewerbung@edeka-suedwest.de,info@yaez.com
14421-00076d152e3001-S	bewerbung@edeka-suedwest.de,info@yaez.com
10000-1198918798-S	claudia.koehler@nagel-group.com,info@nagel-group.com
10000-1198921423-S	claudia.koehler@nagel-group.com,info@nagel-group.com
10001-1000868341-S	bewerbungen@schuh-schmid.com
17058-0048369277-S	Valeria.Urich@gruener-systemtechnik.de
10000-1200045802-S	jobs@allmendinger.eu
10000-1192440814-S	jobs@raedlinger.com
10001-1001261038-S	jobs@raedlinger.com
12811-1566538-S	jobs@raedlinger.com
10000-1198725135-S	info@zahnarztpraxis-drkielkopf.de
14421-00076d15337001-S	bewerbung@edeka-suedwest.de,info@yaez.com
10001-1001242511-S	haus-kalixtenberg@drk-seniorenzentren.de
10000-1202302191-S	Valeria.Urich@gruener-systemtechnik.de
10000-1202255538-S	bewerbung@wiedmann-winz.de
10000-1199596491-S	bewerbung@wiedmann-winz.de
10000-1200843820-S	info@erb-elektro.de
10000-1201751327-S	schwarzer.kipferl@gmail.com
14756-8604e930ddee4907-S	service@shop.mueller.de
10000-1202302255-S	Valeria.Urich@gruener-systemtechnik.de
10000-1202465657-S	info@kraeuterhaus.de
10001-1001222864-S	m.hamm@progastrogmbh.com
10001-1000549999-S	jobs@raedlinger.com
10000-1198580225-S	jgross@mobile-hilfe-gmbh.de
17058-0055890327-S	Valeria.Urich@gruener-systemtechnik.de
12857-9727571-S	kontakt@lidl.com
10001-1001132698-S	info@principium-genuss.de
10001-1001132305-S	info@principium-genuss.de
10000-1202301419-S	Valeria.Urich@gruener-systemtechnik.de
10000-1172312291-S	kontakt@shoob.de
10000-1198824808-S	info@implantec.de
12586-145217_JB4424163-S	Robert.Grundmann@Schwaebisch-Hall.de
12265-351619_JB4761929-S	heidenheim@ferchau.com
12857-9551825-S	DBJobService@deutschebahn.com
18019-154239-S	behoerdenanfragen@mediamarktsaturn.de,kontakt@mediamarkt.de
10001-1001307582-S	i.frank@ags-toyota.de
10000-1200171769-S	immobilien@kaufland.de
10000-1200100963-S	info@brendle-metallbau.de
10000-1200247746-S	ausbildung@dehner.de,karriere@dehner.de
10000-1200241070-S	ausbildung@dehner.de,karriere@dehner.de
10000-1199796726-S	info@awus-bau.de
12265-454708_JB4675735-S	heidenheim@ferchau.com
12336-a25f868j0409037-S	info@brita.net
10000-1199397925-S	helpline@shw-wm.de,info@shw-wm.de
10000-1200589773-S	abrechnung@schoenheitskorrektur.de
10000-1199140017-S	info@glomm-anthoni.de
10000-1199012806-S	info@haase-gelaenderbau.de
10000-1200826319-S	info@stuckateur-siewerth.de
10000-1182851259-S	gasthof@ritterschaenke-sturm.de
10001-1001111846-S	bewerbung@lebenshilfe-aalen.de
10001-1001111683-S	bewerbung@lebenshilfe-aalen.de
10000-1202202519-S	info@siegmann.de
10001-1000477658-S	jobs@baywa.com
10000-1198970176-S	jobs@vaf-bopfingen.de
10000-1198970147-S	jobs@vaf-bopfingen.de
10000-1198970105-S	jobs@vaf-bopfingen.de
10000-1196459346-S	personalabteilung@drk-aalen.com
10000-1199263133-S	regina.regele@samariterstiftung.de
10000-1199480228-S	ausbildung@neresheim.de,christine.weber@neresheim.de
10000-1199482897-S	info@holzofenbaeckerei-ecker.de
10001-1000861470-S	einkauf@adk.info
14756-7759c2e61b7b459b-S	service@shop.mueller.de
10001-1001324997-S	info@zahnarztpraxis-essingen.de
10000-1199087858-S	info@gabo-stahl.de
10000-1198941851-S	info@omega-sorg.de
10001-1000709008-S	hannes.keppler@garten-moser.de
10001-1000484711-S	bewerbungen@scholz-group.com
10000-1199012059-S	nadine@auto-spegel.de
10000-1198868994-S	info@siegmann.de
10001-1000431297-S	jobservice@handwerksbaeckerei-mack.de
10001-1001333010-S	bewerbung@fornax.biz
12857-9727737-S	kontakt@lidl.com
10001-1000235072-S	bewerbung@fornax.biz
17188-k61267.1009-S	jobservice@handwerksbaeckerei-mack.de
12456-1240158-1-S	DBJobService@deutschebahn.com
10000-1200171650-S	immobilien@kaufland.de
10000-1199958635-S	immobilien@kaufland.de
10000-1202163268-S	info@schuhmuecke.de
10001-1000479446-S	bewerbung@rupprecht.de
12811-1744056-S	verwaltung@tevi5.expert.de
10000-1201374217-S	wirt@hubertushoehe.com
10001-1001242492-S	fahrradverkauf-intern-mg@zweirad-stadler.de,regensburg@zweirad-stadler.de
10000-1201378828-S	ak@hotel-regensburg-bestwestern.de
10001-1001184220-S	vasb@fpuarvqre-snffnqra.qr
10000-1200239997-S	recruiting@nkd.de
10001-1001184311-S	vasb@fpuarvqre-snffnqra.qr
10001-1001184286-S	vasb@fpuarvqre-snffnqra.qr
10001-1001184207-S	vasb@fpuarvqre-snffnqra.qr
10000-1199518639-S	info@roessle-rechenberg.de
10001-1001184118-S	vasb@fpuarvqre-snffnqra.qr
16575-k58251.1382-S	vasb@fpuarvqre-snffnqra.qr
16575-k58251.1392-S	vasb@fpuarvqre-snffnqra.qr
10001-1000472937-S	bewerbung@koehnlein-tueren.de
10000-1202471846-S	bewerbung@nubert.de
10000-1200520639-S	bewerbung@cloud4you.biz
10000-1202241621-S	bewerbung@hau-pferdesport.de
10001-1001133598-S	kontakt@hirsch-ellwangen.de
10001-1000448562-S	bewerbung@transnetbw.de
10000-1199313796-S	baeckerei@beck-tannhausen.de
14421-00076d152a1001-S	bewerbung@edeka-suedwest.de,info@yaez.com
12857-9529944-S	V.Rippl@norma-online.de
15207-2025bufiozce-000-S	Ausbildung.OBK@freenet.ag
10000-1199457578-S	praxis.dosch@t-online.de
10001-1000778938-S	jobs@xxxlutz.de
10001-1000477553-S	jobs@baywa.com
10000-1200136412-S	info@metzgereischirle.de
12857-9728386-S	kontakt@lidl.com
10000-1199115695-S	stefanie.hofele@hofele-gmbh.de
12857-9728399-S	kontakt@lidl.com
14340-369797432-S	lejhubausbildung@dhl.com,katrin.tremel@dpdhl.com
10001-1001320519-S	info@bfz-schuster.de
12857-9727604-S	kontakt@lidl.com
12857-9528202-S	V.Rippl@norma-online.de
10000-1198836731-S	bewerbung@allnatura.de
10000-1202286824-S	info@muehli.de
10000-1198836539-S	bewerbung@allnatura.de
18019-154097-S	behoerdenanfragen@mediamarktsaturn.de,kontakt@mediamarkt.de
10000-1200885450-S	jobs@drloeffler.de
10000-1199931732-S	alexandra.waibel@haus-lindenhof.de,annette.wolfram@haus-lindenhof.de,bettina.arlt@haus-lindenhof.de,dominik.szypula@haus-lindenhof.de,inge.schmid@haus-lindenhof.de,julia.gloeggler@haus-lindenhof.de,martina.fetzer@haus-lindenhof.de,mobile-dienste@haus-lind
10000-1202549605-S	personal@herrmann-automation.de
10001-1000670488-S	personal@herrmann-automation.de
10000-1199931133-S	alexandra.waibel@haus-lindenhof.de,annette.wolfram@haus-lindenhof.de,bettina.arlt@haus-lindenhof.de,dominik.szypula@haus-lindenhof.de,inge.schmid@haus-lindenhof.de,julia.gloeggler@haus-lindenhof.de,martina.fetzer@haus-lindenhof.de,mobile-dienste@haus-lind
10000-1200706242-S	support@takko.de
